source_file,channel_short,date,proposed_label,source_strategy,keyword_hits,text,clean_text,candidate_kind,final_label,final_topic_id,confidence,margin,logreg_top,nb_top,nn_top
rt_russian.csv,rt_russian,2026-05-21T14:29:14+00:00,"Общество, государство, политика",keyword_review,"Общество, государство, политика","Владимир Путин наградил орденом «За заслуги перед Отечеством» I степени Надежду Бабкину и Юрия Антонова. 

🟩 Подписаться на RT: [ТГ](https://t.me/+ELcA6UUZf0w3Y2Uy) | [Зеркало](https://t.me/+l_Ri4dv_r_g1YTIy) | [MAX](https://max.ru/RT)",владимир путин наградил орденом за заслуги перед отечеством i степени надежду бабкину и юрия антонова подписаться на rt тг зеркало max,review,"Общество, государство, политика",3,0.483387,0.364278,"Общество, государство, политика",Искусство и культура,"Общество, государство, политика"
rt_russian.csv,rt_russian,2026-05-21T14:56:42+00:00,"Общество, государство, политика",keyword_review,"Общество, государство, политика","Владимир Путин наградил Константина Эрнста орденом «За доблестный труд».

🟩 Подписаться на RT: [ТГ](https://t.me/+ELcA6UUZf0w3Y2Uy) | [Зеркало](https://t.me/+l_Ri4dv_r_g1YTIy) | [MAX](https://max.ru/RT)",владимир путин наградил константина эрнста орденом за доблестный труд подписаться на rt тг зеркало max,review,"Общество, государство, политика",3,0.4707,0.34693,"Общество, государство, политика",Искусство и культура,"Общество, государство, политика"
rt_russian.csv,rt_russian,2026-05-21T14:40:55+00:00,"Общество, государство, политика",keyword_review,"Общество, государство, политика","Путин наградил худрука Большого Московского цирка Аскольда Запашного орденом «За заслуги перед Отечеством» IV степени.

🟩 Подписаться на RT: [ТГ](https://t.me/+ELcA6UUZf0w3Y2Uy) | [Зеркало](https://t.me/+l_Ri4dv_r_g1YTIy) | [MAX](https://max.ru/RT)",путин наградил худрука большого московского цирка аскольда запашного орденом за заслуги перед отечеством iv степени подписаться на rt тг зеркало max,review,"Общество, государство, политика",3,0.447318,0.336504,"Общество, государство, политика",Искусство и культура,"Общество, государство, политика"
kommersant.csv,kommersant,2026-05-22T14:46:57+00:00,"Общество, государство, политика",keyword_review,"Общество, государство, политика","📰 Владимир Путин [подписал](https://www.kommersant.ru/doc/8688081?tg) указ, который разрешает АО «Эксплуатирующая организация Запорожской АЭС» **владеть ядерными материалами и установками.**

Запорожская АЭС — крупнейшая атомная станция в Европе. Она находится под контролем российских войск с марта 2022 года, а в октябре 2022 года была включена в собственность России.

▪️ [Подписывайтесь на «Ъ» в MAX ](https://max.ru/kommersant)| [в Telegram](https://t.me/+bPtk49gFbCBkYzdi)",владимир путин подписал указ который разрешает ао эксплуатирующая организация запорожской аэс владеть ядерными материалами и установками запорожская аэс крупнейшая атомная станция в европе она находится под контролем российских войск с марта 2022 года а в октябре 2022 года была включена в собственность россии подписывайтесь на ъ в max в telegram,review,"Общество, государство, политика",3,0.412332,0.25935,Искусство и культура,Искусство и культура,"Общество, государство, политика"
tass_agency.csv,tass_agency,2026-05-22T15:10:40+00:00,"Общество, государство, политика",keyword_review,"Общество, государство, политика",📃Владимир Путин присвоил звание заслуженного деятеля искусств РФ Николаю Агутину.,владимир путин присвоил звание заслуженного деятеля искусств рф николаю агутину,review,"Общество, государство, политика",3,0.406644,0.233877,Искусство и культура,Искусство и культура,"Общество, государство, политика"
kommersant.csv,kommersant,2026-05-21T20:16:42+00:00,"Общество, государство, политика",keyword_review,"Общество, государство, политика","«Да, мало осталось людей, которые понимают, что такое хит».

21 мая президент России Владимир Путин отметил государственными наградами большое количество заслуженных людей, среди которых специальный корреспондент «Ъ» **Андрей Колесников** [отметил](https://www.kommersant.ru/doc/8675034?tg) Виталия Игнатенко, Ивана Дедова, Юрия Антонова и, конечно, Надежду Бабкину, с которыми и обсудил сложившуюся ситуацию.

✔️ [Подписывайтесь на «Ъ» в MAX](https://max.ru/kommersant) |[ в Telegram](https://t.me/+bPtk49gFbCBkYzdi)",да мало осталось людей которые понимают что такое хит 21 мая президент россии владимир путин отметил государственными наградами большое количество заслуженных людей среди которых специальный корреспондент ъ андрей колесников отметил виталия игнатенко ивана дедова юрия антонова и конечно надежду бабкину с которыми и обсудил сложившуюся ситуацию подписывайтесь на ъ в max в telegram,review,"Общество, государство, политика",3,0.4014,0.228398,Искусство и культура,Искусство и культура,"Общество, государство, политика"
kommersant.csv,kommersant,2026-05-20T11:26:27+00:00,"Общество, государство, политика",keyword_review,"Общество, государство, политика","Владимир Путин приехал в Китай с рабочим визитом и выпил чаю с председателем КНР Си Цзиньпином.

«Хотел, но не могу промолчать о том, как надел бросающиеся в глаза кроссовки фирмы типа Adidas в дополнение к костюму другой фирмы ректор МФТИ Дмитрий Ливанов. То есть это было так неожиданно, что, по данным “Ъ”, протокол российского президента даже попросил его воздержаться от парадного выхода на площадь для полноценного участия в церемонии официальной встречи лидеров России и Китая».

👉 **Подробности — в **[**репортаже**](https://www.kommersant.ru/doc/8673545?tg)** специального корреспондента «Ъ» Андрея Колесникова.**

▪️ [Подписывайтесь на «Ъ» в MAX ](https://max.ru/kommersant)| [в Telegram](https://t.me/+bPtk49gFbCBkYzdi)",владимир путин приехал в китай с рабочим визитом и выпил чаю с председателем кнр си цзиньпином хотел но не могу промолчать о том как надел бросающиеся в глаза кроссовки фирмы типа adidas в дополнение к костюму другой фирмы ректор мфти дмитрий ливанов то есть это было так неожиданно что по данным ъ протокол российского президента даже попросил его воздержаться от парадного выхода на площадь для полноценного участия в церемонии официальной встречи лидеров россии и китая подробности в репортаже специального корреспондента ъ андрея колесникова подписывайтесь на ъ в max в telegram,review,"Общество, государство, политика",3,0.390732,0.178793,Искусство и культура,Искусство и культура,"Общество, государство, политика"
kommersant.csv,kommersant,2026-05-23T09:31:17+00:00,"Общество, государство, политика",keyword_review,"Общество, государство, политика","Владимир Путин выразил соболезнования Си Цзиньпину в связи с катастрофой на угольной шахте в провинции Шаньси.

✔ [Подписывайтесь на «Ъ» в MAX |](https://max.ru/kommersant)[ в Telegram](https://t.me/+bPtk49gFbCBkYzdi)",владимир путин выразил соболезнования си цзиньпину в связи с катастрофой на угольной шахте в провинции шаньси подписывайтесь на ъ в max в telegram,review,"Общество, государство, политика",3,0.390555,0.252017,"Общество, государство, политика",Искусство и культура,"Общество, государство, политика"
rt_russian.csv,rt_russian,2026-05-20T14:09:21+00:00,"Общество, государство, политика",keyword_review,"Общество, государство, политика","Владимир Путин завершил рабочую программу в Китае.

Президентский кортеж выехал в аэропорт Пекина от Дома народных собраний.

🟩 Подписаться на RT: [ТГ](https://t.me/+ELcA6UUZf0w3Y2Uy) | [Зеркало](https://t.me/+l_Ri4dv_r_g1YTIy) | [MAX](https://max.ru/RT)",владимир путин завершил рабочую программу в китае президентский кортеж выехал в аэропорт пекина от дома народных собраний подписаться на rt тг зеркало max,review,"Общество, государство, политика",3,0.389327,0.243686,Искусство и культура,Искусство и культура,"Общество, государство, политика"
kommersant.csv,kommersant,2026-05-20T10:24:27+00:00,"Общество, государство, политика",keyword_review,"Общество, государство, политика","**Владимир Путин встретился с премьером Госсовета КНР Ли Цяном**. Встреча [прошла](https://www.kommersant.ru/doc/8673632?tg) в Большом восточном зале Дома народных собраний.

▪️ [Подписывайтесь на «Ъ» в MAX ](https://max.ru/kommersant)| [в Telegram](https://t.me/+bPtk49gFbCBkYzdi)",владимир путин встретился с премьером госсовета кнр ли цяном встреча прошла в большом восточном зале дома народных собраний подписывайтесь на ъ в max в telegram,review,"Общество, государство, политика",3,0.389187,0.254588,Искусство и культура,Искусство и культура,"Общество, государство, политика"
kommersant.csv,kommersant,2026-05-21T13:00:23+00:00,"Общество, государство, политика",keyword_review,"Общество, государство, политика","❗️ **Ядерная триада должна служить гарантом суверенитета Союзного государства, **заявил Владимир Путин. 

▪ [Подписывайтесь на «Ъ» в MAX ](https://max.ru/kommersant)| [в Telegram](https://t.me/+bPtk49gFbCBkYzdi)",ядерная триада должна служить гарантом суверенитета союзного государства заявил владимир путин подписывайтесь на ъ в max в telegram,review,"Общество, государство, политика",3,0.387709,0.250207,"Общество, государство, политика",Искусство и культура,"Общество, государство, политика"
tass_agency.csv,tass_agency,2026-05-21T13:53:32+00:00,"Общество, государство, политика",keyword_review,"Общество, государство, политика","❗️Ядерная триада РФ будет оставаться на уровне необходимой достаточности, заявил Путин.",ядерная триада рф будет оставаться на уровне необходимой достаточности заявил путин,review,"Общество, государство, политика",3,0.384907,0.195867,Искусство и культура,Искусство и культура,"Общество, государство, политика"
kommersant.csv,kommersant,2026-05-21T13:52:56+00:00,"Общество, государство, политика",keyword_review,"Общество, государство, политика","Россия не намерена вступать в гонку вооружений, ее **«ядерная триада» будет оставаться на уровне «необходимой достаточности»**, подчеркнул Владимир Путин.

▪ [Подписывайтесь на «Ъ» в MAX ](https://max.ru/kommersant)| [в Telegram](https://t.me/+bPtk49gFbCBkYzdi)",россия не намерена вступать в гонку вооружений ее ядерная триада будет оставаться на уровне необходимой достаточности подчеркнул владимир путин подписывайтесь на ъ в max в telegram,review,"Общество, государство, политика",3,0.3841,0.210524,"Общество, государство, политика",Искусство и культура,"Общество, государство, политика"
tass_agency.csv,tass_agency,2026-05-22T14:24:05+00:00,"Общество, государство, политика",keyword_review,"Общество, государство, политика","❗️Удар по Старобельску подтверждает террористический и неонацистский характер киевского режима, заявил Путин.

Киевский режим терпит провалы на фронте, не помогает ни разворовываемая помощь, ни отлов на улицах людей, словно собак.",удар по старобельску подтверждает террористический и неонацистский характер киевского режима заявил путин киевский режим терпит провалы на фронте не помогает ни разворовываемая помощь ни отлов на улицах людей словно собак,review,"Общество, государство, политика",3,0.382957,0.227168,Искусство и культура,Искусство и культура,Наука и техника
kommersant.csv,kommersant,2026-05-20T03:19:03+00:00,"Общество, государство, политика",keyword_review,"Общество, государство, политика","Владимир Путин встретился с Си Цзиньпином у Дома народных собраний в Пекине, передает специальный корреспондент «Ъ» Андрей Колесников.

▪ [Подписывайтесь на «Ъ» в MAX ](https://max.ru/kommersant)| [в Telegram](https://t.me/+bPtk49gFbCBkYzdi)",владимир путин встретился с си цзиньпином у дома народных собраний в пекине передает специальный корреспондент ъ андрей колесников подписывайтесь на ъ в max в telegram,review,"Общество, государство, политика",3,0.378792,0.236562,Наука и техника,Искусство и культура,"Общество, государство, политика"
rt_russian.csv,rt_russian,2026-05-21T13:55:21+00:00,"Общество, государство, политика",keyword_review,"Общество, государство, политика","Ядерная триада РФ будет оставаться на уровне необходимой достаточности, заявил Путин.

🟩 Подписаться на RT: [ТГ](https://t.me/+ELcA6UUZf0w3Y2Uy) | [Зеркало](https://t.me/+l_Ri4dv_r_g1YTIy) | [MAX](https://max.ru/RT)",ядерная триада рф будет оставаться на уровне необходимой достаточности заявил путин подписаться на rt тг зеркало max,review,"Общество, государство, политика",3,0.37755,0.18209,Искусство и культура,Искусство и культура,"Общество, государство, политика"
meduzalive.csv,meduzalive,2026-05-19T15:25:35+00:00,"Общество, государство, политика",keyword_review,"Общество, государство, политика","**Владимир Путин прилетел в Китай**

Визит российского президента будет двухдневным. Официальные мероприятия начнутся завтра с церемонии встречи Путина и лидера КНР Си Цзиньпина на площади Тяньаньмэнь. Затем будут переговоры в узком составе.

@meduzalive",владимир путин прилетел в китай визит российского президента будет двухдневным официальные мероприятия начнутся завтра с церемонии встречи путина и лидера кнр си цзиньпина на площади тяньаньмэнь затем будут переговоры в узком составе,review,"Общество, государство, политика",3,0.372681,0.176137,Искусство и культура,Искусство и культура,Искусство и культура
kommersant.csv,kommersant,2026-05-20T06:42:23+00:00,"Общество, государство, политика",keyword_review,"Общество, государство, политика","❗️ **Владимир Путин и Си Цзиньпин подписали заявление об углублении отношений России и Китая.**

Всего представители двух стран подписали 20 совместных документов.

▪️ [Подписывайтесь на «Ъ» в MAX ](https://max.ru/kommersant)| [в Telegram](https://t.me/+bPtk49gFbCBkYzdi)",владимир путин и си цзиньпин подписали заявление об углублении отношений россии и китая всего представители двух стран подписали 20 совместных документов подписывайтесь на ъ в max в telegram,review,"Общество, государство, политика",3,0.371993,0.182241,Искусство и культура,Искусство и культура,Искусство и культура
kommersant.csv,kommersant,2026-05-22T14:21:20+00:00,"Общество, государство, политика",keyword_review,"Общество, государство, политика","**Владимир Путин назвал терактом удар ВСУ по общежитию в Старобельске в ЛНР.
**
По словам президента, удар не был случайным: «три волны БПЛА били в одно и то же место».

▪️ [Подписывайтесь на «Ъ» в MAX ](https://max.ru/kommersant)| [в Telegram](https://t.me/+bPtk49gFbCBkYzdi)",владимир путин назвал терактом удар всу по общежитию в старобельске в лнр по словам президента удар не был случайным три волны бпла били в одно и то же место подписывайтесь на ъ в max в telegram,review,"Общество, государство, политика",3,0.368993,0.171165,Искусство и культура,Искусство и культура,Искусство и культура
kommersant.csv,kommersant,2026-05-22T14:02:27+00:00,"Общество, государство, политика",keyword_review,"Общество, государство, политика","**Владимир Путин **[**назначил**](https://www.kommersant.ru/doc/8688001?tg)** Андрея Козлова помощником секретаря Совбеза России.**

В середине марта от этой должности был освобожден Павел Коновальчик, который занимал пост с июля 2024 года.

▪️ [Подписывайтесь на «Ъ» в MAX ](https://max.ru/kommersant)| [в Telegram](https://t.me/+bPtk49gFbCBkYzdi)",владимир путин назначил андрея козлова помощником секретаря совбеза россии в середине марта от этой должности был освобожден павел коновальчик который занимал пост с июля 2024 года подписывайтесь на ъ в max в telegram,review,"Общество, государство, политика",3,0.363774,0.181974,Искусство и культура,Искусство и культура,Искусство и культура
tass_agency.csv,tass_agency,2026-05-23T02:49:48+00:00,"Общество, государство, политика",keyword_review,"Общество, государство, политика","▶️ Авиарегулятор США зафиксировал ""аномалию"" во время полета ракеты Starship. 

Она затронула ракетный ускоритель Super Heavy во время разворота над Мексиканским заливом. Сообщений о пострадавших или повреждении имущества нет, говорится в заявлении ведомства.

Видео: SpaceX/X",авиарегулятор сша зафиксировал аномалию во время полета ракеты starship она затронула ракетный ускоритель super heavy во время разворота над мексиканским заливом сообщений о пострадавших или повреждении имущества нет говорится в заявлении ведомства видео spacex x,review,"Общество, государство, политика",3,0.359747,0.21552,Искусство и культура,Искусство и культура,Экономика
rt_russian.csv,rt_russian,2026-05-20T09:07:35+00:00,"Общество, государство, политика",keyword_review,"Общество, государство, политика","Владимир Путин и Пэн Пай, которого спустя годы **нашёл RT**, тепло обнялись на прощание.

На встрече в Пекине президент пригласил мужчину в Россию, тот пообещал приехать.

Первый раз они встретились в 2000 году, когда китаец был ещё ребёнком. Путин сфотографировался с ним во время своего первого визита в КНР. И позже **RT **[**выяснил**](https://t.me/rt_russian/250515), что того самого мальчика зовут Пэн Пай. Он отозвался на призыв RT China в местных соцсетях. 

__Видео «Раптли» ____@ruptlyalert____.__

🟩 Подписаться на RT: [ТГ](https://t.me/+ELcA6UUZf0w3Y2Uy) | [Зеркало](https://t.me/+l_Ri4dv_r_g1YTIy) | [MAX](https://max.ru/RT)",владимир путин и пэн пай которого спустя годы нашёл rt тепло обнялись на прощание на встрече в пекине президент пригласил мужчину в россию тот пообещал приехать первый раз они встретились в 2000 году когда китаец был ещё ребёнком путин сфотографировался с ним во время своего первого визита в кнр и позже rt выяснил что того самого мальчика зовут пэн пай он отозвался на призыв rt china в местных соцсетях видео раптли подписаться на rt тг зеркало max,review,"Общество, государство, политика",3,0.352281,0.204025,Экономика,Искусство и культура,Экономика
tass_agency.csv,tass_agency,2026-05-23T09:28:00+00:00,"Общество, государство, политика",keyword_review,"Общество, государство, политика",Путин выразил соболезнования Си Цзиньпину в связи с катастрофой на угольной шахте в провинции Шаньси.,путин выразил соболезнования си цзиньпину в связи с катастрофой на угольной шахте в провинции шаньси,review,"Общество, государство, политика",3,0.346813,0.213876,Искусство и культура,Искусство и культура,Экономика
rt_russian.csv,rt_russian,2026-05-20T09:02:46+00:00,"Общество, государство, политика",keyword_review,"Общество, государство, политика","**Владимир Путин оставил автограф на фото с первой встречи с Пэн Паем. 
**
Оно было сделано ещё в 2000 году. Тогда китайский инженер был ребёнком.  

Мужчина преподнёс ответный подарок российскому лидеру — винный набор «Пение птиц» с ручной росписью. Кувшин в нём сделан так, что при наливании вина изнутри начинает раздаваться птичья трель.

Ранее в интервью RT Пэн Пай [признался](https://t.me/rt_russian/251476), что считает первую встречу с Путиным судьбоносной для себя. **Спустя более чем 20 лет RT нашёл его** — мужчина отозвался на призыв в соцсетях.

🟩 Подписаться на RT: [ТГ](https://t.me/+ELcA6UUZf0w3Y2Uy) | [Зеркало](https://t.me/+l_Ri4dv_r_g1YTIy) | [MAX](https://max.ru/RT)",владимир путин оставил автограф на фото с первой встречи с пэн паем оно было сделано ещё в 2000 году тогда китайский инженер был ребёнком мужчина преподнёс ответный подарок российскому лидеру винный набор пение птиц с ручной росписью кувшин в нём сделан так что при наливании вина изнутри начинает раздаваться птичья трель ранее в интервью rt пэн пай признался что считает первую встречу с путиным судьбоносной для себя спустя более чем 20 лет rt нашёл его мужчина отозвался на призыв в соцсетях подписаться на rt тг зеркало max,review,"Общество, государство, политика",3,0.344207,0.176655,Развлечения,Искусство и культура,Развлечения
rian_ru.csv,rian_ru,2026-05-21T08:59:26+00:00,Медицина,keyword_review,Медицина,"В крайне тяжелом состоянии [остается](https://ria.ru/20260521/balkon-2093731598.html) один из подростков, пострадавших при обрушении балкона в школе Севастополя. 

Врачи борются за его жизнь. 

🔹 [Подписаться на РИА Новости](https://t.me/rian_ru)",в крайне тяжелом состоянии остается один из подростков пострадавших при обрушении балкона в школе севастополя врачи борются за его жизнь подписаться на риа новости,review,Медицина,5,0.467827,0.344847,Экономика,Искусство и культура,Медицина
rian_ru.csv,rian_ru,2026-05-21T16:50:27+00:00,Медицина,keyword_review,Медицина,"**Не больше одной чашки кофе в день можно пить в жару,** [предупредили](https://ria.ru/20260521/kofe-2093682848.html) врачи.

Кофеин обладает мочегонным эффектом, а в жару организм и так теряет много жидкости.

А тем, у кого есть хронические заболевания, лучше от кофе отказаться вовсе. 

🔹 [Подписаться на РИА Новости](https://t.me/rian_ru)",не больше одной чашки кофе в день можно пить в жару предупредили врачи кофеин обладает мочегонным эффектом а в жару организм и так теряет много жидкости а тем у кого есть хронические заболевания лучше от кофе отказаться вовсе подписаться на риа новости,review,Медицина,5,0.42155,0.2584,Медицина,Искусство и культура,Медицина
rian_ru.csv,rian_ru,2026-05-22T15:39:10+00:00,Медицина,keyword_review,Медицина,"**Роспотребнадзор приостановил ввоз и оборот минеральной воды ""Джермук"" в России.**

Указанная продукция не соответствует информации, указанной в маркировке… введение в заблуждение относительно лечебных свойств продукции может привести к неэффективному лечению, ухудшению здоровья"", - [сообщили](https://ria.ru/20260522/dzhermuk-2094136950.html) в ведомстве.

🔹 [Подписаться на РИА Новости](https://t.me/rian_ru)",роспотребнадзор приостановил ввоз и оборот минеральной воды джермук в россии указанная продукция не соответствует информации указанной в маркировке введение в заблуждение относительно лечебных свойств продукции может привести к неэффективному лечению ухудшению здоровья сообщили в ведомстве подписаться на риа новости,review,Медицина,5,0.41421,0.278617,Искусство и культура,Искусство и культура,Медицина
bbcrussian.csv,bbcrussian,2026-05-17T05:49:15+00:00,Медицина,keyword_review,Медицина,"**ВОЗ объявила вспышку Эболы в Демократической Республике Конго чрезвычайной ситуацией международного значения**

По данным Всемирной организации здравоохранения, известно о 246 предполагаемых случаях заражения Эболой и о 80 смертельных случаях. При этом есть «значительная неопределенность относительно истинного числа зараженных лиц и географического распространения» болезни, заявил генеральный директор ВОЗ Тедрос Адханом Гебрейесус.

Нынешняя вспышка вызвана штаммом вируса Бундибугио. Одобренных вакцин или методов лечения против него не существует, отмечает ВОЗ.

Вирус распространился за пределы Демократической Республики Конго, два подтвержденных случая есть в соседней Уганде.

Как отмечает ВОЗ, пока масштабы вспышки не соответствуют определению пандемической чрезвычайной ситуации.

🔗 [Сайт без VPN](http://bit.ly/bbcrussian) | [Telegram](https://t.me/bbcrussian) | [WhatsApp](https://whatsapp.com/channel/0029VaZ437k4Y9li4jkzIU0G) | [YouTube](https://www.youtube.com/@bbcnewsrussian) | [Рассылка](https://forms.office.com/e/DwxsSgvpyR)",воз объявила вспышку эболы в демократической республике конго чрезвычайной ситуацией международного значения по данным всемирной организации здравоохранения известно о 246 предполагаемых случаях заражения эболой и о 80 смертельных случаях при этом есть значительная неопределенность относительно истинного числа зараженных лиц и географического распространения болезни заявил генеральный директор воз тедрос адханом гебрейесус нынешняя вспышка вызвана штаммом вируса бундибугио одобренных вакцин или методов лечения против него не существует отмечает воз вирус распространился за пределы демократической республики конго два подтвержденных случая есть в соседней уганде как отмечает воз пока масштабы вспышки не соответствуют определению пандемической чрезвычайной ситуации сайт без vpn telegram whatsapp youtube рассылка,review,Медицина,5,0.412505,0.264543,Искусство и культура,Искусство и культура,Медицина
rt_russian.csv,rt_russian,2026-05-22T15:35:56+00:00,Медицина,keyword_review,Медицина,"**Ввоз на территорию РФ армянской минеральной воды «Джермук» и оборот этого товара приостановлены с 22 мая.**

В Роспотребнадзоре отметили, что продукция не соответствует информации, указанной в маркировке:

«В воде было выявлено превышение содержания гидрокарбоната — гидрокарбоната-иона, хлоридов и сульфатов. Введение в заблуждение относительно лечебных свойств продукции может привести к неэффективному лечению и ухудшению здоровья».

Напомним, Россельхознадзор с 22 мая решил [ограничить](https://t.me/rt_russian/281406) ввоз цветов из Армении, также [есть проблемы](https://t.me/rt_russian/281557) с местными овощами и фруктами.

🟩 Подписаться на RT: [ТГ](https://t.me/+ELcA6UUZf0w3Y2Uy) | [Зеркало](https://t.me/+l_Ri4dv_r_g1YTIy) | [MAX](https://max.ru/RT)",ввоз на территорию рф армянской минеральной воды джермук и оборот этого товара приостановлены с 22 мая в роспотребнадзоре отметили что продукция не соответствует информации указанной в маркировке в воде было выявлено превышение содержания гидрокарбоната гидрокарбоната иона хлоридов и сульфатов введение в заблуждение относительно лечебных свойств продукции может привести к неэффективному лечению и ухудшению здоровья напомним россельхознадзор с 22 мая решил ограничить ввоз цветов из армении также есть проблемы с местными овощами и фруктами подписаться на rt тг зеркало max,review,Медицина,5,0.411377,0.280479,Медицина,Искусство и культура,Медицина
rian_ru.csv,rian_ru,2026-05-22T23:02:58+00:00,Медицина,keyword_review,Медицина,"**Лихорадку Западного Нила могут переносить российские комары, **[**предупредили**](https://ria.ru/20260523/komary-2094203819.html)** в Роспотребнадзоре.**

Основные меры профилактики – защита от укусов комаров: на природе применяйте репелленты, в жилых и дачных помещениях используйте москитные сетки.

В ведомстве добавили, что вирус Западного Нила регистрируется в России с 1999 года, преимущественно в южных регионах, но не передается от человека к человеку.

🔹 [Подписаться на РИА Новости](https://t.me/rian_ru)",лихорадку западного нила могут переносить российские комары предупредили в роспотребнадзоре основные меры профилактики защита от укусов комаров на природе применяйте репелленты в жилых и дачных помещениях используйте москитные сетки в ведомстве добавили что вирус западного нила регистрируется в россии с 1999 года преимущественно в южных регионах но не передается от человека к человеку подписаться на риа новости,review,Медицина,5,0.410973,0.228001,Искусство и культура,Искусство и культура,Медицина
rbc_news.csv,rbc_news,2026-05-19T18:00:59+00:00,Медицина,keyword_review,Медицина,"🎙 Прямо сейчас в новом выпуске «Качества жизни» на Радио РБК врач-эндокринолог Максим Кузнецов объясняет:

▪️почему лишний вес нельзя сводить к «силе воли», 
▪️правда ли гормоны виноваты в ожирении, 
▪️кому могут быть нужны препараты вроде «Оземпика»,
▪️почему уколы для похудения не должны становиться способом «быстро подготовиться к лету».

А еще — о ходьбе, метаболизме после 30, «здоровом ожирении», жире вокруг органов, БАДах и привычке искать у себя дефициты.

**🎙️Слушайте выпуск «Качества жизни» **[**прямо сейчас**](https://t.me/rbc_news?livestream)** на Радио РБК и **[**на подкаст-площадках**](https://mave.stream/e/Q8brUZvDgd)**.**",прямо сейчас в новом выпуске качества жизни на радио рбк врач эндокринолог максим кузнецов объясняет почему лишний вес нельзя сводить к силе воли правда ли гормоны виноваты в ожирении кому могут быть нужны препараты вроде оземпика почему уколы для похудения не должны становиться способом быстро подготовиться к лету а еще о ходьбе метаболизме после 30 здоровом ожирении жире вокруг органов бадах и привычке искать у себя дефициты слушайте выпуск качества жизни прямо сейчас на радио рбк и на подкаст площадках,review,Медицина,5,0.406862,0.27407,Искусство и культура,Искусство и культура,Медицина
kommersant.csv,kommersant,2026-05-20T18:28:59+00:00,Медицина,keyword_review,Медицина,"Неизвестно, кто теперь будет говорить обществу неудобную правду о масштабах эпидемии ВИЧ. 

В Москве скончался академик РАН Вадим Покровский — заведующий специализированным научно-исследовательским отделом по профилактике и борьбе со СПИДом ЦНИИ эпидемиологии Роспотребнадзора. Должность длинная и непонятная, поэтому можно сказать проще — это был самый авторитетный в России специалист по теме ВИЧ и СПИДа. 

Академик Покровский начал свою борьбу с вирусом еще в советское время — буквально искал самого первого в стране «нулевого пациента». Но за 71 год его жизни СПИД перестал быть экзотическим заболеванием маргиналов. 

Спецкор «Ъ» **Александр Черных **[рассказывает,](https://www.kommersant.ru/doc/8674016?tg) как Вадим Покровский призывал бороться с эпидемией ВИЧ и не боялся говорить неудобную правду о ней.

@kommersant",неизвестно кто теперь будет говорить обществу неудобную правду о масштабах эпидемии вич в москве скончался академик ран вадим покровский заведующий специализированным научно исследовательским отделом по профилактике и борьбе со спидом цнии эпидемиологии роспотребнадзора должность длинная и непонятная поэтому можно сказать проще это был самый авторитетный в россии специалист по теме вич и спида академик покровский начал свою борьбу с вирусом еще в советское время буквально искал самого первого в стране нулевого пациента но за 71 год его жизни спид перестал быть экзотическим заболеванием маргиналов спецкор ъ александр черных рассказывает как вадим покровский призывал бороться с эпидемией вич и не боялся говорить неудобную правду о ней,review,Медицина,5,0.404908,0.252193,Развлечения,Искусство и культура,Экономика
meduzalive.csv,meduzalive,2026-05-18T17:02:26+00:00,Медицина,keyword_review,Медицина,"**Что за вирус Бундибуджио, вызвавший вспышку лихорадки Эбола в Уганде и Демократической Республике Конго? И насколько это опасно?
**
В мире снова вспышка эболавирусной инфекции. ВОЗ объявила ее чрезвычайной ситуацией международного значения. От этой разновидности вируса нет вакцин и лечения. Рассказываем в двух абзацах, что нужно знать об этой ситуации людям, которые живут за пределами Уганды и Демократической Республики Конго — стран, где уже есть сотни заболевших.

Открыть с [VPN](https://meduza.io/feature/2026/05/18/v-mire-snova-vspyshka-lihoradki-ebola-tak-chto-voz-dazhe-ob-yavila-chrezvychaynuyu-situatsiyu-mezhdunarodnogo-znacheniya-naskolko-eto-opasno?utm_source=tg_live&utm_medium=post_ru) | [без VPN](https://bit.ly/meduzamirror#/feature/2026/05/18/v-mire-snova-vspyshka-lihoradki-ebola-tak-chto-voz-dazhe-ob-yavila-chrezvychaynuyu-situatsiyu-mezhdunarodnogo-znacheniya-naskolko-eto-opasno?utm_source=tg_live&utm_medium=post_ru)

@meduzalive",что за вирус бундибуджио вызвавший вспышку лихорадки эбола в уганде и демократической республике конго и насколько это опасно в мире снова вспышка эболавирусной инфекции воз объявила ее чрезвычайной ситуацией международного значения от этой разновидности вируса нет вакцин и лечения рассказываем в двух абзацах что нужно знать об этой ситуации людям которые живут за пределами уганды и демократической республики конго стран где уже есть сотни заболевших открыть с vpn без vpn,review,Медицина,5,0.402642,0.258415,Искусство и культура,Искусство и культура,Медицина
meduzalive.csv,meduzalive,2026-05-17T09:07:35+00:00,Медицина,keyword_review,Медицина,"**ВОЗ **[**объявила**](https://bit.ly/meduzamirror#/news/2026/05/17/v-demokraticheskoy-respublike-kongo-i-ugande-vspyshka-eboly-eto-chrezvychaynaya-situatsiya-mezhdunarodnogo-znacheniya-ob-yavila-voz?utm_source=tg_live&utm_medium=post_ru)** вспышку лихорадки Эбола в Демократической республике Конго и Уганде чрезвычайной ситуацией международного значения

**Всемирная организация здравоохранения выпустила такое заявление после того, как в двух странах зарегистрировали более 300 предполагаемых случаев заболевания, из-за чего умерли 88 человек.

В ВОЗ отметили, что вспышка не соответствует критериям чрезвычайной ситуации пандемического масштаба, подобной пандемии COVID-19.

@meduzalive",воз объявила вспышку лихорадки эбола в демократической республике конго и уганде чрезвычайной ситуацией международного значения всемирная организация здравоохранения выпустила такое заявление после того как в двух странах зарегистрировали более 300 предполагаемых случаев заболевания из за чего умерли 88 человек в воз отметили что вспышка не соответствует критериям чрезвычайной ситуации пандемического масштаба подобной пандемии covid 19,review,Медицина,5,0.395371,0.191503,Развлечения,Искусство и культура,Развлечения
rian_ru.csv,rian_ru,2026-05-19T08:44:51+00:00,Медицина,keyword_review,Медицина,"**Строитель случайно выстрелил себе в лицо из гвоздезабивного пистолета в Крыму - медики его спасли.**

Гвоздь остановился всего в двух миллиметрах от мозга, врачи провели уникальную операцию, [рассказали](https://ria.ru/20260519/krym-2093284817.html) в минздраве республики.

🔹 [Подписаться на РИА Новости](https://t.me/rian_ru)",строитель случайно выстрелил себе в лицо из гвоздезабивного пистолета в крыму медики его спасли гвоздь остановился всего в двух миллиметрах от мозга врачи провели уникальную операцию рассказали в минздраве республики подписаться на риа новости,review,Медицина,5,0.3854,0.196679,Искусство и культура,Искусство и культура,Медицина
rt_russian.csv,rt_russian,2026-05-22T09:39:16+00:00,Медицина,keyword_review,Медицина,"**Воспитателя и помощника уволили из детсада в Кызыле, где дети **[**жаловались**](https://t.me/rt_russian/281535)** на уколы с неизвестным веществом.**

Проверка показала, что сотрудники нарушали педагогическую этику и грубо разговаривали с детьми, сообщила мэрия города. Директору детсада поручили строже следить за поведением сотрудников и соблюдением ими норм этики.

Ранее матери четырёхлетних детей обратились в полицию: они заметили у своих детей следы инъекций и расспросили о них. О каком препарате идёт речь, выясняется. Дети чувствуют себя нормально, [сообщал](https://t.me/rt_russian/281540) источник RT.

🟩 Подписаться на RT: [ТГ](https://t.me/+ELcA6UUZf0w3Y2Uy) | [Зеркало](https://t.me/+l_Ri4dv_r_g1YTIy) | [MAX](https://max.ru/RT)",воспитателя и помощника уволили из детсада в кызыле где дети жаловались на уколы с неизвестным веществом проверка показала что сотрудники нарушали педагогическую этику и грубо разговаривали с детьми сообщила мэрия города директору детсада поручили строже следить за поведением сотрудников и соблюдением ими норм этики ранее матери четырёхлетних детей обратились в полицию они заметили у своих детей следы инъекций и расспросили о них о каком препарате идёт речь выясняется дети чувствуют себя нормально сообщал источник rt подписаться на rt тг зеркало max,review,Медицина,5,0.376856,0.141596,Развлечения,Искусство и культура,Развлечения
rian_ru.csv,rian_ru,2026-05-19T03:29:54+00:00,Медицина,keyword_review,Медицина | Спорт,"**Признаки эмоционального выгорания **[**назвал**](https://ria.ru/20260519/vygoranie-2093236182.html)** психотерапевт.**

▪️Появление раздражительности, усталости, чувства опустошения, появление цинизма и утрата эмпатии.

▪️Соматические сигналы, которые не ограничиваются разовыми проявлениями, а становятся устойчивыми: головные боли, напряжение в мышцах, проблемы с пищеварением.

Если такое продолжается больше двух недель подряд и распространяется на все сферы вашей жизни, то это уже повод обратиться за помощью к врачу.

🔹 [Подписаться на РИА Новости](https://t.me/rian_ru)",признаки эмоционального выгорания назвал психотерапевт появление раздражительности усталости чувства опустошения появление цинизма и утрата эмпатии соматические сигналы которые не ограничиваются разовыми проявлениями а становятся устойчивыми головные боли напряжение в мышцах проблемы с пищеварением если такое продолжается больше двух недель подряд и распространяется на все сферы вашей жизни то это уже повод обратиться за помощью к врачу подписаться на риа новости,review,Медицина,5,0.362982,0.201901,Экономика,Искусство и культура,Медицина
meduzalive.csv,meduzalive,2026-05-22T15:46:41+00:00,Медицина,keyword_review,Медицина,"**Россия запретила ввоз и продажу** **минеральной воды «Джермук» из Армении
**
Об этом сообщается на сайте Роспотребнадзора.

С 22 мая ведомство вводит «временную санитарную меру» в отношении ввоза и оборота «Джермука». По данным Роспотребнадзора, эта вода «не соответствует информации, указанной в маркировке».

«В воде было выявлено превышение содержания гидрокарбоната — иона, хлоридов и сульфатов. Введение в заблуждение относительно лечебных свойств продукции может привести к неэффективному лечению, ухудшению здоровья», — говорится в сообщении.

Роспотребнадзор не в первый раз вводит запрет на продажу воды «Джермук» из Армении. Так, в ноябре 2024 года продажу воды приостановили после того, как 65-летний житель Владикавказа, выпив минералки, получил ожог пищевода. В бутылке минеральной воды обнаружили уксус.

@meduzalive",россия запретила ввоз и продажу минеральной воды джермук из армении об этом сообщается на сайте роспотребнадзора с 22 мая ведомство вводит временную санитарную меру в отношении ввоза и оборота джермука по данным роспотребнадзора эта вода не соответствует информации указанной в маркировке в воде было выявлено превышение содержания гидрокарбоната иона хлоридов и сульфатов введение в заблуждение относительно лечебных свойств продукции может привести к неэффективному лечению ухудшению здоровья говорится в сообщении роспотребнадзор не в первый раз вводит запрет на продажу воды джермук из армении так в ноябре 2024 года продажу воды приостановили после того как 65 летний житель владикавказа выпив минералки получил ожог пищевода в бутылке минеральной воды обнаружили уксус,review,Медицина,5,0.359703,0.176237,Развлечения,Искусство и культура,Развлечения
rian_ru.csv,rian_ru,2026-05-17T06:25:32+00:00,Медицина,keyword_review,Медицина | Наука и техника,"**Российские ученые разработали алгоритм подбора лекарств при гипертонии на основе анализа ДНК.**

Подход [предполагает](https://ria.ru/20260517/rossija-2092940763.html?in=l) проведение генетического тестирования, позволяющего точно подобрать препарат и его дозировку для пациента. В будущем методику планируют расширить для лечения других недугов. 

🔹 [Подписаться на РИА Новости](https://t.me/rian_ru)",российские ученые разработали алгоритм подбора лекарств при гипертонии на основе анализа днк подход предполагает проведение генетического тестирования позволяющего точно подобрать препарат и его дозировку для пациента в будущем методику планируют расширить для лечения других недугов подписаться на риа новости,review,Медицина,5,0.358779,0.220199,Экономика,Искусство и культура,Медицина
rian_ru.csv,rian_ru,2026-05-20T09:23:53+00:00,Медицина,keyword_review,Медицина,"**Трое подростков находятся в тяжелом состоянии из-за обрушения балкона в школе в Севастополе, у остальных состояние средней тяжести. **

Всего, по уточненным данным, пострадали девять детей – это шесть парней и три девушки в возрасте 17 лет, выпускники. 

""Все ребята находятся в больнице, врачи оказывают им всю необходимую медицинскую помощь"", - сообщил губернатор. 

По факту произошедшего [возбуждено](https://ria.ru/20260520/sevastopol-2093521859.html) уголовное дело. 

🔹 [Подписаться на РИА Новости](https://t.me/rian_ru)",трое подростков находятся в тяжелом состоянии из за обрушения балкона в школе в севастополе у остальных состояние средней тяжести всего по уточненным данным пострадали девять детей это шесть парней и три девушки в возрасте 17 лет выпускники все ребята находятся в больнице врачи оказывают им всю необходимую медицинскую помощь сообщил губернатор по факту произошедшего возбуждено уголовное дело подписаться на риа новости,review,Медицина,5,0.354848,0.162776,Развлечения,Искусство и культура,"Общество, государство, политика"
tass_agency.csv,tass_agency,2026-05-21T09:29:01+00:00,Медицина,keyword_review,Медицина,"Одного из подростков, пострадавших при ЧП в школе в Севастополе, прооперировали, он в сознании. За жизнь второго борются врачи, сообщил губернатор Развожаев.

Трое детей находятся в тяжелом состоянии.",одного из подростков пострадавших при чп в школе в севастополе прооперировали он в сознании за жизнь второго борются врачи сообщил губернатор развожаев трое детей находятся в тяжелом состоянии,review,Медицина,5,0.352009,0.120384,Развлечения,Развлечения,Развлечения
bbcrussian.csv,bbcrussian,2026-05-17T09:15:53+00:00,Медицина,keyword_review,Медицина,"**📝**** ВОЗ: вспышка Эболы в Африке – ЧС международного значения**

По данным ВОЗ, вирус распространился за пределы страны.

Вспышка считается «чрезвычайной», поскольку, в отличие от штаммов Эбола-Заир, для вируса Бундибугио не существует одобренных лекарственных средств или вакцин, говорится в сообщении.

Подробности [читайте здесь](https://www.bbc.com/russian/articles/c5y7lgyd44lo).

🔗 [Сайт без VPN](http://bit.ly/bbcrussian) | [Telegram](https://t.me/bbcrussian) | [WhatsApp](https://whatsapp.com/channel/0029VaZ437k4Y9li4jkzIU0G) | [YouTube](https://www.youtube.com/@bbcnewsrussian) | [Рассылка](https://forms.office.com/e/DwxsSgvpyR)",воз вспышка эболы в африке чс международного значения по данным воз вирус распространился за пределы страны вспышка считается чрезвычайной поскольку в отличие от штаммов эбола заир для вируса бундибугио не существует одобренных лекарственных средств или вакцин говорится в сообщении подробности читайте здесь сайт без vpn telegram whatsapp youtube рассылка,review,Медицина,5,0.351737,0.150129,Искусство и культура,Искусство и культура,Искусство и культура
rt_russian.csv,rt_russian,2026-05-22T07:41:18+00:00,Медицина,keyword_review,Медицина,"**В Кызыле начали проверку после слов детей, что воспитатели в детсаду делали им уколы в туалете, сообщает МВД.**

Заявления в полицию подали матери четырёхлетних детей: они заметили следы инъекций и расспросили о них. О каком препарате идёт речь, выясняется. К делу подключились прокуратура и СК.

Предварительно, произошедшее рассматривают по уголовной статье о неисполнении обязанностей по воспитанию детей. Максимальный срок лишения свободы по ней составляет три года. Решение будет принято после проверки.

🟩 Подписаться на RT: [ТГ](https://t.me/+ELcA6UUZf0w3Y2Uy) | [Зеркало](https://t.me/+l_Ri4dv_r_g1YTIy) | [MAX](https://max.ru/RT)",в кызыле начали проверку после слов детей что воспитатели в детсаду делали им уколы в туалете сообщает мвд заявления в полицию подали матери четырёхлетних детей они заметили следы инъекций и расспросили о них о каком препарате идёт речь выясняется к делу подключились прокуратура и ск предварительно произошедшее рассматривают по уголовной статье о неисполнении обязанностей по воспитанию детей максимальный срок лишения свободы по ней составляет три года решение будет принято после проверки подписаться на rt тг зеркало max,review,Медицина,5,0.351577,0.09637,Развлечения,Искусство и культура,Развлечения
bbcrussian.csv,bbcrussian,2026-05-20T11:42:39+00:00,Медицина,keyword_review,Медицина,"**Умер главный российский специалист по СПИДу Вадим Покровский

**Академик РАН, заведующий специализированного научно-исследовательского отдела по профилактике и борьбе со СПИДом ЦНИИ эпидемиологии Роспотребнадзора Вадим Покровский скончался на 72-м году жизни, сообщили в Роспотребнадзоре.

💬 __Он стоял у истоков борьбы с ВИЧ-инфекцией в нашей стране, работая с первыми случаями и вспышками заболевания__ 💬, — цитирует сообщение «Интерфакс».

Академик на протяжении более 40 лет руководил научно-исследовательским отделом по профилактике и борьбе со СПИДом. Он автор более 700 научных публикаций.

При участии Покровского в 80-90-е годы был выявлен «нулевой пациент», расследована внутрибольничная вспышка ВИЧ-инфекции в Элисте, разработана сама методология и система борьбы с ВИЧ-инфекцией, напомнили в Роспотребнадзоре.

🔗 [Сайт без VPN](http://bit.ly/bbcrussian) | [Telegram](https://t.me/bbcrussian) | [WhatsApp](https://whatsapp.com/channel/0029VaZ437k4Y9li4jkzIU0G) | [YouTube](https://www.youtube.com/@bbcnewsrussian) | [Рассылка](https://forms.office.com/e/DwxsSgvpyR)",умер главный российский специалист по спиду вадим покровский академик ран заведующий специализированного научно исследовательского отдела по профилактике и борьбе со спидом цнии эпидемиологии роспотребнадзора вадим покровский скончался на 72 м году жизни сообщили в роспотребнадзоре он стоял у истоков борьбы с вич инфекцией в нашей стране работая с первыми случаями и вспышками заболевания цитирует сообщение интерфакс академик на протяжении более 40 лет руководил научно исследовательским отделом по профилактике и борьбе со спидом он автор более 700 научных публикаций при участии покровского в 80 90 е годы был выявлен нулевой пациент расследована внутрибольничная вспышка вич инфекции в элисте разработана сама методология и система борьбы с вич инфекцией напомнили в роспотребнадзоре сайт без vpn telegram whatsapp youtube рассылка,review,Медицина,5,0.350748,0.209238,Развлечения,Искусство и культура,Развлечения
rian_ru.csv,rian_ru,2026-05-22T12:39:01+00:00,Медицина,keyword_review,Медицина | Экономика,"**ВОЗ пересмотрела оценку риска распространения Эболы в ДР Конго, назвав ее очень высокой. **

При этом глобальный риск распространения, как полагают в организации, остается низким. 

Недавно в ДР Конго подожгли один из центров лечения (на фото) – оттуда [сбежали](https://ria.ru/20260522/ebola-2093954378.html) шесть пациентов с Эболой. По последним данным, в республике от этого вируса скончались уже более 130 человек. 

🔹 [Подписаться на РИА Новости](https://t.me/rian_ru)",воз пересмотрела оценку риска распространения эболы в др конго назвав ее очень высокой при этом глобальный риск распространения как полагают в организации остается низким недавно в др конго подожгли один из центров лечения на фото оттуда сбежали шесть пациентов с эболой по последним данным в республике от этого вируса скончались уже более 130 человек подписаться на риа новости,review,Медицина,5,0.321888,0.125261,Искусство и культура,Искусство и культура,Медицина
bbcrussian.csv,bbcrussian,2026-05-22T17:12:01+00:00,Медицина,keyword_review,Медицина,"**В ДР Конго **[**подожгли**](https://www.bbc.com/russian/articles/cvgzkn6vj4zo)** больницу, которая не позволила родственникам забрать тело умершего от Эболы**

Тела умерших от Эболы остаются очень заразными, и хоронить их нужно так, чтобы избежать распространения вируса. ВОЗ рекомендует использовать специально обученные бригады и защитное оборудование при обращении с телами.

Умерший мужчина был популярной фигурой в местном сообществе, и те, кто был расстроен его смертью, «не понимали реальной опасности болезни», объяснил агентству Associated Press Жан-Клод Мукенди, координирующий меры безопасности в связи с эпидемией Эболы в Итури.

🔗 [Сайт без VPN](http://bit.ly/bbcrussian) | [Telegram](https://t.me/bbcrussian) | [WhatsApp](https://whatsapp.com/channel/0029VaZ437k4Y9li4jkzIU0G) | [YouTube](https://www.youtube.com/@bbcnewsrussian) | [Рассылка](https://forms.office.com/e/DwxsSgvpyR)",в др конго подожгли больницу которая не позволила родственникам забрать тело умершего от эболы тела умерших от эболы остаются очень заразными и хоронить их нужно так чтобы избежать распространения вируса воз рекомендует использовать специально обученные бригады и защитное оборудование при обращении с телами умерший мужчина был популярной фигурой в местном сообществе и те кто был расстроен его смертью не понимали реальной опасности болезни объяснил агентству associated press жан клод мукенди координирующий меры безопасности в связи с эпидемией эболы в итури сайт без vpn telegram whatsapp youtube рассылка,review,Медицина,5,0.308309,0.099024,Развлечения,Искусство и культура,Искусство и культура
aviadispet4er.csv,aviadispet4er,2026-05-18T14:36:11+00:00,Медицина,keyword_review,Медицина | Происшествия,"Почему Ан-2 считается незаменимым и неповторимым 🫰🏻

Универсальность и многофункциональность. Ан-2 использовался в самых разных сферах: для пассажирских и грузовых перевозок, сельскохозяйственных работ (распыление удобрений), тушения лесных пожаров, геологоразведки, медицинских перевозок, десантирования парашютистов, аэрофотосъёмки и даже в военных целях. Было создано более 20 модификаций, включая пассажирские, транспортные, противопожарные и другие варианты.  

А вы летали на легенде ? 🫠",почему ан 2 считается незаменимым и неповторимым универсальность и многофункциональность ан 2 использовался в самых разных сферах для пассажирских и грузовых перевозок сельскохозяйственных работ распыление удобрений тушения лесных пожаров геологоразведки медицинских перевозок десантирования парашютистов аэрофотосъёмки и даже в военных целях было создано более 20 модификаций включая пассажирские транспортные противопожарные и другие варианты а вы летали на легенде,review,Медицина,5,0.302551,0.137482,Медицина,Искусство и культура,Медицина
kommersant.csv,kommersant,2026-05-20T15:49:26+00:00,Медицина,keyword_review,Медицина,"**Создание вакцины от нынешнего штамма Эболы — Бундибугио — займет шесть–девять месяцев. **Об этом [пишет ](https://www.kommersant.ru/doc/8673927?tg)The Guardian со ссылкой на заявление главы подразделения по научно-исследовательской работе ВОЗ Вази Мурти.

Сейчас есть только вакцины от штамма Заир, который, в частности, вызвал вспышку Эболы в Африке в 2014–2015 годах. 

Ранее ВОЗ сообщала, что количество смертей от новой вспышки лихорадки Эбола предположительно достигло 139, а число вероятных случаев заражения приблизилось к 600.

▪ [Подписывайтесь на «Ъ» в MAX |](https://max.ru/kommersant) [в Telegram](https://t.me/+bPtk49gFbCBkYzdi)",создание вакцины от нынешнего штамма эболы бундибугио займет шесть девять месяцев об этом пишет guardian со ссылкой на заявление главы подразделения по научно исследовательской работе воз вази мурти сейчас есть только вакцины от штамма заир который в частности вызвал вспышку эболы в африке в 2014 2015 годах ранее воз сообщала что количество смертей от новой вспышки лихорадки эбола предположительно достигло 139 а число вероятных случаев заражения приблизилось к 600 подписывайтесь на ъ в max в telegram,review,Медицина,5,0.300561,0.123421,Развлечения,Искусство и культура,Развлечения
meduzalive.csv,meduzalive,2026-05-18T14:00:21+00:00,Медицина,keyword_review,Медицина,"**Прокуратура не нашла подтверждений, что Азата Мифтахова пытали в колонии
**
В прокуратуре Ямало-Ненецкого автономного округа заявили, что права политзаключенного Азата Мифтахова, который рассказывал о пытках в колонии «Полярная сова», не нарушались. Ответ ведомства цитирует группа поддержки математика. 

Прокуратура отчиталась, что изучила медицинские документы, получила объяснения от других осужденных и сотрудников ИК-18, а также просмотрела записи с камервидеонаблюдения. Кроме того, состоялось медицинское освидетельствование Мифтахова, «в ходе которого телесных повреждений на поверхности его тела не установлено».
 
Как отметил сам Мифтахов, медобследование состоялось через две недели после пыток, поэтому никаких следовал на теле действительно не осталось. 

7 мая также состоялся личный прием математика. В прокуратуре только заявили, что Мифтахов «указал, что телесных повреждений у него не имеется». По словам самого политзаключенного, он дал подробные пояснения о том, как его пытали и где, однако в ответе прокуратуры об этом ничего не говорится.  

Азат Мифтахов ранее расказывал, что 21 апреля его подвергли пыткам после этапирования в исправительную колонию № 18 «Полярная сова» в поселке Харп ЯНАО. Прочитать его рассказ можно [здесь](https://meduza.io/feature/2026/05/05/bol-byla-takaya-strashnaya-chto-ya-stal-istoshno-krichat?utm_source=tg_live&utm_medium=post_ru).  

@meduzalive",прокуратура не нашла подтверждений что азата мифтахова пытали в колонии в прокуратуре ямало ненецкого автономного округа заявили что права политзаключенного азата мифтахова который рассказывал о пытках в колонии полярная сова не нарушались ответ ведомства цитирует группа поддержки математика прокуратура отчиталась что изучила медицинские документы получила объяснения от других осужденных и сотрудников ик 18 а также просмотрела записи с камервидеонаблюдения кроме того состоялось медицинское освидетельствование мифтахова в ходе которого телесных повреждений на поверхности его тела не установлено как отметил сам мифтахов медобследование состоялось через две недели после пыток поэтому никаких следовал на теле действительно не осталось 7 мая также состоялся личный прием математика в прокуратуре только заявили что мифтахов указал что телесных повреждений у него не имеется по словам самого политзаключенного он дал подробные пояснения о том как его пытали и где однако в ответе прокуратуры об этом ничего не говорится азат мифтахов ранее расказывал что 21 апреля его подвергли пыткам после этапирования в исправительную колонию 18 полярная сова в поселке харп янао прочитать его рассказ можно здесь,review,Медицина,5,0.298291,0.113364,Развлечения,Искусство и культура,Экономика
kommersant.csv,kommersant,2026-05-19T10:09:53+00:00,Медицина,keyword_review,Медицина,"**ВОЗ предупредила о растущем риске новой глобальной пандемии, **которая может превзойти по разрушительности вспышки коронавируса и лихорадки Эбола.

Эксперты [отмечают,](https://www.kommersant.ru/doc/8672662?tg) что в последние годы вспышки инфекционных заболеваний происходят все чаще и оказывают серьезное воздействие на здравоохранение, экономику и социальную стабильность. 

Среди ключевых факторов угрозы указаны активная международная мобильность, экологические изменения и снижение доверия населения к государственным институтам.

В середине мая в Демократической Республике Конго произошла новая вспышка лихорадки Эбола. По данным на 19 мая, жертвами инфекции стал 131 человек. Еще у 513 — выявлены признаки заражения. 

▪ [Подписывайтесь на «Ъ» в MAX |](https://max.ru/kommersant) [в Telegram](https://t.me/+bPtk49gFbCBkYzdi)",воз предупредила о растущем риске новой глобальной пандемии которая может превзойти по разрушительности вспышки коронавируса и лихорадки эбола эксперты отмечают что в последние годы вспышки инфекционных заболеваний происходят все чаще и оказывают серьезное воздействие на здравоохранение экономику и социальную стабильность среди ключевых факторов угрозы указаны активная международная мобильность экологические изменения и снижение доверия населения к государственным институтам в середине мая в демократической республике конго произошла новая вспышка лихорадки эбола по данным на 19 мая жертвами инфекции стал 131 человек еще у 513 выявлены признаки заражения подписывайтесь на ъ в max в telegram,review,Медицина,5,0.296588,0.116319,Развлечения,Искусство и культура,Искусство и культура
bbcrussian.csv,bbcrussian,2026-05-21T13:29:17+00:00,Медицина,keyword_review,Медицина,"🎙 **Вирус Эбола: чем грозит миру новая вспышка?**

Обсуждаем в новом эпизоде подкаста «Что это было?»

00:00 Приветствие. Ведущая — Оксана Чиж
01:00 Что мы знаем о вспышке и вирусе Бундибуджио?
03:37 Как он передается и насколько заразен?
05:15 Может ли этот вирус распространяться в других частях света?
08:41 Что происходит с организмом после заражения?
15:44 Какими были предыдущие вспышки?
18:12 Были случаи лихорадки Эболы в России?
19:03 Будет ли эффективная вакцина?

▶️ Нас можно слушать и смотреть на YouTube: https://bit.ly/3rot87v",вирус эбола чем грозит миру новая вспышка обсуждаем в новом эпизоде подкаста что это было 00 00 приветствие ведущая оксана чиж 01 00 что мы знаем о вспышке и вирусе бундибуджио 03 37 как он передается и насколько заразен 05 15 может ли этот вирус распространяться в других частях света 08 41 что происходит с организмом после заражения 15 44 какими были предыдущие вспышки 18 12 были случаи лихорадки эболы в россии 19 03 будет ли эффективная вакцина нас можно слушать и смотреть на youtube,review,Медицина,5,0.296569,0.174953,Наука и техника,Искусство и культура,Спорт
d_code.csv,d_code,2026-05-11T10:32:31+00:00,Развлечения,keyword_review,Развлечения,"🙂 **Fallout в Fallout **

Энтузиаст смог запустить оригинальную первую часть Fallout на Pip-Boy внутри игры Fallout 4.

Как ему это удалось:

↖️ https://kod.ru/fallout-pip-boy",fallout в fallout энтузиаст смог запустить оригинальную первую часть fallout на pip boy внутри игры fallout 4 как ему это удалось,review,Развлечения,7,0.376733,0.245511,Развлечения,Искусство и культура,Экономика
rian_ru.csv,rian_ru,2026-05-19T05:48:55+00:00,Развлечения,keyword_review,Развлечения | Происшествия,"**Гусятница и шампанское оказались в сумке курьера мошенников под Новый год.**

Суд [вынес приговор](https://ria.ru/20260519/moshennik-2093240510.html) директору кипрской фирмы, который еще в декабре 2025 забрал деньги у пенсионера, обманутого ""сотрудницей Роскомнадзора"", ""следователем"" и ""майором ФСБ"". 

В результате многоходовой схемы пожилой мужчина поверил, что на него оформили кредит и обвинили в пособничестве терроризму, продал фамильные иконы, драгоценности и снял со счетов все сбережения.

Собранные деньги пенсионер упаковал в сумку с гусятницей и новогодними игрушками и отдал курьеру, который заявил, что ничего не знал о содержимом посылок, и раскаялся - он получил 3,5 года колонии.

🔹 [Подписаться на РИА Новости](https://t.me/rian_ru)",гусятница и шампанское оказались в сумке курьера мошенников под новый год суд вынес приговор директору кипрской фирмы который еще в декабре 2025 забрал деньги у пенсионера обманутого сотрудницей роскомнадзора следователем и майором фсб в результате многоходовой схемы пожилой мужчина поверил что на него оформили кредит и обвинили в пособничестве терроризму продал фамильные иконы драгоценности и снял со счетов все сбережения собранные деньги пенсионер упаковал в сумку с гусятницей и новогодними игрушками и отдал курьеру который заявил что ничего не знал о содержимом посылок и раскаялся он получил 3 5 года колонии подписаться на риа новости,review,Развлечения,7,0.371546,0.22563,Развлечения,Искусство и культура,Развлечения
rian_ru.csv,rian_ru,2026-05-21T15:16:19+00:00,Развлечения,keyword_review,Развлечения,"**""Не запрещайте плакать, кричать, грустить, злиться""
**
Родителям выпускников в период ОГЭ и ЕГЭ важно помочь ребенку разобраться в чувствах и прожить их, а не устанавливать запреты, [рассказали](https://ria.ru/20260521/ege-2093676110.html) эксперты. 

Помогите ему экологично прожить эмоции, например, через упражнения, игры, работу с психологом 
Кроме того, важно не переносить собственную тревогу на детей – поэтому следует управлять эмоциями. 

🔹 [Подписаться на РИА Новости](https://t.me/rian_ru)",не запрещайте плакать кричать грустить злиться родителям выпускников в период огэ и егэ важно помочь ребенку разобраться в чувствах и прожить их а не устанавливать запреты рассказали эксперты помогите ему экологично прожить эмоции например через упражнения игры работу с психологом кроме того важно не переносить собственную тревогу на детей поэтому следует управлять эмоциями подписаться на риа новости,review,Развлечения,7,0.370311,0.162414,Искусство и культура,Искусство и культура,Медицина
kommersant.csv,kommersant,2026-05-20T18:02:44+00:00,Развлечения,keyword_review,Развлечения,"**Шер — 80!**

20 мая 1946 года родилась певица, актриса и активистка Шер. Она изменила представления о месте женщины в индустрии развлечений, на каждом этапе своей карьеры ломая барьеры предрассудков. Шер — единственная женщина, которая одновременно является лауреатом «Оскара» и включена в Зал славы рок-н-ролла.

Мы знаем и любим поп-диву не только за смелые хиты и яркие образы, но и за остроумные высказывания. Поэтому делимся отрывком интервью, где она рассказывает о десертах... и богатых мужчинах — оказывается, у них много общего.

🔸[__ У вас будни? А у нас всегда Weekend — подписывайтесь!__](https://t.me/+yefBdH1WD3UzYWVi)",шер 80 20 мая 1946 года родилась певица актриса и активистка шер она изменила представления о месте женщины в индустрии развлечений на каждом этапе своей карьеры ломая барьеры предрассудков шер единственная женщина которая одновременно является лауреатом оскара и включена в зал славы рок н ролла мы знаем и любим поп диву не только за смелые хиты и яркие образы но и за остроумные высказывания поэтому делимся отрывком интервью где она рассказывает о десертах и богатых мужчинах оказывается у них много общего у вас будни а у нас всегда weekend подписывайтесь,review,Развлечения,7,0.365019,0.235554,Наука и техника,Искусство и культура,Наука и техника
meduzalive.csv,meduzalive,2026-05-22T18:34:04+00:00,Развлечения,keyword_review,Развлечения,"**На телеканале CBS вышел финальный выпуск программы The Late Show со Стивеном Кольбером. Это одно из самых популярных вечерних шоу на американском телевидении.
**
О планах закрыть The Late Show телеканал сообщил еще в июле 2025 года. Он сослался на «исключительно финансовые» причины. Но многие не сомневались, что это политическое решение: шутки Кольбера над Дональдом Трампом были неотъемлемой частью программы. При этом в последнем выпуске Трампа даже не упомянули.

Рассказываем, что было в последнем эпизоде The Late Show и как на него отреагировали зрители.

Открыть с [VPN](https://meduza.io/feature/2026/05/22/zakrylos-the-late-show-glavnoe-vechernee-shou-na-amerikanskom-televidenii?utm_source=tg_live&utm_medium=post_ru) | [без VPN](https://bit.ly/meduzamirror#/feature/2026/05/22/zakrylos-the-late-show-glavnoe-vechernee-shou-na-amerikanskom-televidenii?utm_source=tg_live&utm_medium=post_ru)

@meduzalive",на телеканале cbs вышел финальный выпуск программы the late show со стивеном кольбером это одно из самых популярных вечерних шоу на американском телевидении о планах закрыть the late show телеканал сообщил еще в июле 2025 года он сослался на исключительно финансовые причины но многие не сомневались что это политическое решение шутки кольбера над дональдом трампом были неотъемлемой частью программы при этом в последнем выпуске трампа даже не упомянули рассказываем что было в последнем эпизоде the late show и как на него отреагировали зрители открыть с vpn без vpn,review,Развлечения,7,0.363821,0.217048,Развлечения,Искусство и культура,Медицина
kommersant.csv,kommersant,2026-05-21T01:14:01+00:00,ИТ и телекоммуникации,keyword_review,ИТ и телекоммуникации | Экономика,"💬 «Обучение ИИ на авторских текстах трудно назвать цитированием»

Законопроект о регулировании искусственного интеллекта стал по сути первым подобным опытом регулирования технологии такого масштаба в России, при этом затрагивающего сразу большое число компаний: от разработчиков ИИ до представителей креативных индустрий, сейчас отстаивающих возможность ограничения обучения нейросетей на своих работах.

👉 О том, что еще в законопроекте вызывает споры и в регулировании каких стран авторы подчерпнули готовый опыт, [«Ъ» поговорил](https://www.kommersant.ru/doc/8673986?tg) с управляющим партнером юридической компании ЭБР **Александром Журавлевым**, участвующим в разработке регулирования.

📷 __Глеб Щелкунов, «Коммерсантъ»__

📡 [Сети меняются. Мы следим. Подписывайтесь.](https://t.me/+SkQgmXpzMqFjZjli)",обучение ии на авторских текстах трудно назвать цитированием законопроект о регулировании искусственного интеллекта стал по сути первым подобным опытом регулирования технологии такого масштаба в россии при этом затрагивающего сразу большое число компаний от разработчиков ии до представителей креативных индустрий сейчас отстаивающих возможность ограничения обучения нейросетей на своих работах о том что еще в законопроекте вызывает споры и в регулировании каких стран авторы подчерпнули готовый опыт ъ поговорил с управляющим партнером юридической компании эбр александром журавлевым участвующим в разработке регулирования глеб щелкунов коммерсантъ сети меняются мы следим подписывайтесь,review,Общее,0,0.211092,0.042512,Общее,Искусство и культура,Общее
kommersant.csv,kommersant,2026-05-21T13:26:14+00:00,ИТ и телекоммуникации,keyword_review,"ИТ и телекоммуникации | Общество, государство, политика | Экономика","🌐 **Власти отложили введение платы за VPN-трафик на мобильных сетях**

По данным источников «Ъ» на телеком-рынке, решение не планируют принимать до осенних выборов в Госдуму. При этом сейчас нет документа, в котором были бы указаны сроки и прописаны обязательства операторов. 

Ранее Минцифры прорабатывало введение дополнительной платы за международный трафик для пользователей мобильной связи.‍

📡 [Сети меняются. Мы следим. Подписывайтесь](https://t.me/+SkQgmXpzMqFjZjli).",власти отложили введение платы за vpn трафик на мобильных сетях по данным источников ъ на телеком рынке решение не планируют принимать до осенних выборов в госдуму при этом сейчас нет документа в котором были бы указаны сроки и прописаны обязательства операторов ранее минцифры прорабатывало введение дополнительной платы за международный трафик для пользователей мобильной связи сети меняются мы следим подписывайтесь,review,Общее,0,0.201918,0.048826,Общее,Искусство и культура,Общее
